prompt,Answer_key,Topic,Importance,model,response
"analyze and compare the architectural styles of the hagia sophia in istanbul and the notre-dame cathedral in paris. discuss the key architectural elements, construction techniques, and cultural influences that define each structure. argue which building, in your view, is a more significant architectural achievement and defend your assertion.","Beyond their structural differences, the best answers should analyze how the design of each building reflects the dominant religious and political ideologies of their respective eras.",Art,Medium,gpt-4o-mini,"{""answer"":""### Architectural Analysis and Comparison of Hagia Sophia and Notre-Dame Cathedral\n\n#### 1. Architectural Styles:\n- **Hagia Sophia**: \n  - The Hagia Sophia, constructed in 537 AD, is a masterpiece of Byzantine architecture. Key elements include its massive dome, which is elevated on a square base, creating an impression of a floating roof. This grand dome is surrounded by semi-domes that extend the building’s space dramatically. The use of pendentives (curved triangles) is crucial in supporting the dome and is a defining feature of Byzantine architecture.\n  - The interior is adorned with intricate mosaics that reflect Orthodox Christian iconography, characteristic of the Byzantine aesthetic, where the play of light and color is emphasized with gold and bright tiles.\n\n- **Notre-Dame Cathedral**: \n  - Completed in the late 12th century and largely finished by the early 14th century, Notre-Dame exemplifies French Gothic architecture. This is marked by features such as flying buttresses, pointed arches, ribbed vaults, and stained-glass rose windows. The façade is characterized by intricate sculptures and carvings depicting biblical scenes, saints, and gargoyles that serve a functional purpose of drainage.\n  - The verticality of Notre-Dame, achieved through its towering spires and the soaring height of its nave, reflects the Gothic ambition to reach toward the heavens, emphasizing lightness, elegance, and climbing structures.\n\n#### 2. Construction Techniques:\n- **Hagia Sophia**: \n  - The construction of Hagia Sophia employed innovative techniques for its time, such as the use of large bricks and the introduction of a double-shell for the dome structure. The design allows for minimal support pillars, maintaining an open and spacious interior. The dome's structure was a marvel of engineering, using a mixture of stone and mortar that could withstand earthquakes, a significant concern in the seismically active region of Istanbul.\n\n- **Notre-Dame Cathedral**: \n  - Notre-Dame’s construction involved advanced techniques for the Gothic style, notably the use of ribbed vaults and flying buttresses that distributed the weight of the stone structure. The flying buttresses allowed for larger windows and, thus, more light, reflecting the Gothic desire for luminosity within the sacred space. The technique of masonry and the careful placement of stone elements allowed for the intricate detailing seen in the sculpture work.\n\n#### 3. Cultural Influences:\n- **Hagia Sophia**: \n  - As a church built under the Byzantine Empire, Hagia Sophia reflects the religious and political significance of Orthodox Christianity at the time. It represents the pinnacle of Byzantine architecture and served as a cathedral, a mosque, and now a museum, a testament to the diverse cultural history of Istanbul and the passage of empires.\n\n- **Notre-Dame Cathedral**: \n  - Notre-Dame stands as a symbol of the Catholic Church in France and played a central role in French cultural and political life. It became the site of numerous significant events, including royal ceremonies and national celebrations, thus becoming emblematic of French identity. The Gothic style spread throughout Europe, influencing churches and cathedrals across the continent.\n\n#### Argument for Architectural Significance:\nIn evaluating which structure might be considered a more significant architectural achievement, one might lean towards the **Hagia Sophia** for several reasons:\n1. **Innovative Engineering**: Hagia Sophia's dome, being over 31 meters in diameter and appearing to float, pushed the boundaries of engineering at the time, influencing future architects for centuries.\n2. **Cultural Synthesis**: The transition of Hagia Sophia from a cathedral to a mosque and now to a museum reflects a broader cultural narrative, embodying the intersection of Christian and Islamic artistry and traditions.\n3. **Timelessness and Influence**: Hagia Sophia's architectural innovations laid the groundwork for the entire field of dome construction and influenced the designs of many future buildings, including mosques in the Ottoman Empire and beyond.\n\n### Conclusion:\nWhile both the Hagia Sophia and Notre-Dame Cathedral represent pinnacle achievements within their respective styles, the seamless integration of engineering, cultural synthesis, and profound influence on architecture culminates in the Hagia Sophia being viewed as a more significant architectural achievement. Its enduring power to inspire and transition through centuries of cultural shifts speaks to its architectural grandeur and relevance.""}"
"analyze and compare the architectural styles of the hagia sophia in istanbul and the notre-dame cathedral in paris. discuss the key architectural elements, construction techniques, and cultural influences that define each structure. argue which building, in your view, is a more significant architectural achievement and defend your assertion.","Beyond their structural differences, the best answers should analyze how the design of each building reflects the dominant religious and political ideologies of their respective eras.",Art,Medium,gemini-2.0-flash,"{
  ""answer"": ""The Hagia Sophia in Istanbul and Notre-Dame Cathedral in Paris represent distinct architectural styles and cultural influences, making a direct comparison complex. The Hagia Sophia, initially a Byzantine church, showcases a centralized plan dominated by a massive dome, approximately 31 meters in diameter, supported by pendentives – a revolutionary engineering feat for its time (6th century). Its key architectural elements include the vast, light-filled interior, extensive use of marble and mosaics, and the imposing scale that reflects imperial power and divine presence. Construction techniques involved sophisticated Roman engineering principles combined with innovative Byzantine solutions. The cultural influence is primarily Byzantine, reflecting Eastern Roman imperial ambition and Orthodox Christianity, later augmented by Ottoman Islamic elements (minarets, mihrab). Notre-Dame Cathedral, on the other hand, exemplifies Gothic architecture (12th-14th centuries), characterized by a longitudinal plan with a soaring nave, pointed arches, ribbed vaults, and flying buttresses that allowed for thinner walls and larger stained-glass windows. Key architectural elements include the rose windows, the intricate sculptural facades, and the overall verticality that directs the gaze upwards. Construction techniques involved the use of stone masonry, advanced structural engineering with the flying buttresses distributing weight outwards, and the division of labor facilitated by guilds. The cultural influence is Western European, reflecting the power of the Catholic Church, the rise of urban centers, and the burgeoning artistic and intellectual movements of the Middle Ages. Deciding which is the \""more significant\"" architectural achievement is subjective. The Hagia Sophia's innovative dome and the sheer audacity of its construction in the 6th century are remarkable. The use of pendentives to support such a massive dome on a square base was unprecedented and solved a significant architectural challenge. It stands as a testament to Byzantine engineering prowess and imperial ambition. However, Notre-Dame's significance lies in its embodiment of the Gothic style and its influence on subsequent cathedral architecture across Europe. The innovative use of pointed arches, ribbed vaults, and flying buttresses allowed for unprecedented height and light within the cathedral space. The intricate sculptural programs and stained-glass windows served as visual narratives, educating and inspiring the faithful. From an engineering perspective, the Hagia Sophia might be considered more revolutionary for its time, due to the scale and groundbreaking nature of its dome construction using pendentives. However, Notre-Dame arguably represents a more holistic architectural achievement. It not only pushed the boundaries of structural engineering (with the flying buttresses) but also integrated art, sculpture, and light in a way that profoundly shaped the aesthetic and spiritual experience. Furthermore, the widespread adoption and evolution of the Gothic style, which Notre-Dame epitomizes, demonstrate its profound and lasting influence on architectural history. Therefore, while acknowledging the Hagia Sophia's remarkable engineering feat, I argue that Notre-Dame Cathedral is the more significant architectural achievement due to its holistic design, its profound impact on the development of Gothic architecture, and its enduring cultural influence. Its synthesis of structural innovation, artistic expression, and spiritual significance makes it a landmark of Western civilization. The fact that Notre-Dame set a precedent for many other Gothic cathedrals solidifies its influence and places it as a more significant architectural marvel than the Hagia Sophia in the broader scope of architectural history.""
}"
"what are the characteristics of apobec-driven sgms, particularly their association with ytca motifs and apobec3a expression, especially cancer mutagenesis?","Best answers would be factual, true and list the three most commonly cited characteristics of APOBEC-driven cancer mutagenesis in scientific literature",Bio,Medium,gpt-4o-mini,"{""answer"":""Apolipoprotein B mRNA editing enzyme, catalytic polypeptide-like (APOBEC) proteins, particularly the APOBEC3 (A3) family, are a group of cytidine deaminases known for their role in mutagenesis, especially within viral genomes and certain human cancers. Here are the key characteristics of APOBEC-driven single-guide mutations (SGMs) and their relationship with YTCA motifs and APOBEC3A expression in the context of cancer: \n\n### Characteristics of APOBEC-driven SGMs:\n\n1. **Cytidine Deamination**: APOBEC proteins, especially APOBEC3A, deaminate cytosine bases in DNA to uracil, which can lead to C-to-T (cytosine to thymine) transition mutations upon DNA replication due to error-prone repair mechanisms.\n\n2. **Specific Motif Recognition**: \n   - **YTCA Motifs**: The YTCA motif, where Y is a pyrimidine (C or T) and A is adenine, is preferentially targeted by APOBEC3 proteins. This motif is particularly common in regions of active transcription and thus can be a hotspot for mutations in cancers influenced by APOBEC activity.\n   - The relationship between APOBEC activity and YTCA motifs suggests that APOBEC3A preferentially binds to and deaminates these sequences, resulting in an increased incidence of mutations in cancer genomes that contain this motif.\n\n3. **Context-Dependent Mutations**: The activity of APOBEC3 proteins can be influenced by various factors, including the genomic context (e.g., local DNA structure, accessibility), cell type, and the presence of specific transcriptional regulatory elements.\n\n4. **Association with Genomic Instability**: Increased expression of APOBEC enzymes, particularly APOBEC3A, in cancer cells is often associated with genomic instability and can contribute to the heterogeneous mutational landscape commonly observed in many cancers.\n\n5. **Cancer Types**: High levels of APOBEC3A expression and resulting SGM mutations have been notably linked to several human cancers, including breast, lung, and cervical cancers. These mutations contribute to tumor evolution and may affect responses to therapy.\n\n6. **Immune Response**: In some cases, the expression of APOBEC3A and consequent SGMs can promote an immune response against the tumor, potentially impacting tumor progression and patient prognosis.\n\n7. **Potential Role in Treatment Resistance**: The mutations induced by APOBEC3A can potentially lead to the development of resistance to therapies, including those that target specific oncogenic mutations, highlighting the clinical implications of APOBEC-mediated mutagenesis in cancer treatment.\n\n### Clinical Implications:\nUnderstanding the role of APOBEC3A and its association with YTCA motifs in driving SGM mutations can help in:\n- **Biomarker Development**: Identifying APOBEC3A expression levels and YTCA motif mutations may serve as biomarkers for cancer diagnosis, prognosis, and treatment response.\n- **Targeting APOBEC Activity**: Therapeutic strategies could focus on modulating or inhibiting the activity of APOBEC enzymes to reduce mutagenesis in tumors, though this requires a careful balance to preserve effective immune responses.\n\nIn conclusion, APOBEC-driven SGMs, characterized by their targeting of YTCA motifs and the expression of APOBEC3A, play a significant role in cancer mutagenesis, contributing to tumor evolution, diversity, and treatment outcomes.""}"
"what are the characteristics of apobec-driven sgms, particularly their association with ytca motifs and apobec3a expression, especially cancer mutagenesis?","Best answers would be factual, true and list the three most commonly cited characteristics of APOBEC-driven cancer mutagenesis in scientific literature",Bio,Medium,gemini-2.0-flash,"{
  ""answer"": ""APOBEC-driven single base substitutions (SBS) show characteristic mutational signatures in cancer genomes. A key feature is the strong preference for cytosine to uracil (C>U) mutations, particularly within specific sequence contexts. These mutations are heavily associated with the \""YTCA\"" motif, where Y represents a pyrimidine (C or T). APOBEC3A, a prominent member of the APOBEC family, frequently contributes to cancer mutagenesis. High APOBEC3A expression levels in cancer cells can lead to increased C>U mutations, accelerating tumor evolution and potentially promoting drug resistance. The link between APOBEC3A expression, YTCA motifs, and increased mutation rates highlights the enzyme's role in shaping the mutational landscape of various cancers. Furthermore, clustered mutations (kataegis) are often observed at APOBEC-targeted regions, indicating localized, intense activity of these enzymes.""
}"
draft a one-page product requirements document (prd) for integrating a brilliant new ai feature that talks to  to an enterprise software company,"A good answer has great structure, and PRD is very well drafted",Business,Medium,gpt-4o-mini,"{""answer"":""# Product Requirements Document (PRD)\n\n## Title: Integration of AI Conversational Assistant into Enterprise Software\n\n### Overview\nThe purpose of this PRD is to outline the requirements for integrating an AI conversational assistant into our enterprise software. This feature aims to enhance user productivity by providing real-time assistance, facilitating natural language queries, and streamlining workflows through conversational interactions. \n\n### Problem Statement\nEnterprise users often face challenges when navigating complex software functionalities, leading to decreased efficiency and increased frustration. Users require a more intuitive interface that allows them to interact naturally with the software, reducing the learning curve and improving overall user satisfaction.  \n\n### Objectives\n1. **Enhance User Experience**: Provide users with a conversational interface that allows for easy access to software functions.\n2. **Reduce Training Time**: Minimize the need for extensive training resources by implementing a feature that offers instant guidance and support.\n3. **Increase Productivity**: Allow users to perform tasks more efficiently through voice or text commands.\n4. **Gather User Insights**: Collect data on user interactions to continually improve the AI assistant and overall software experience.\n\n### Features\n1. **Natural Language Processing (NLP)**: The AI should accurately interpret user queries and commands in natural language.\n   - Users can ask questions or give commands in everyday language.\n\n2. **Task Automation**: The assistant should automate common tasks based on user commands.\n   - Examples include scheduling, reporting, and data retrieval tasks.\n\n3. **Contextual Awareness**: The AI should understand the context of the user's current task and provide relevant suggestions.\n   - For example, if a user is working on a report, the assistant can suggest data sources or templates.\n\n4. **Multi-channel Support**: The AI assistant should be accessible via both text and voice interfaces.\n   - Users can choose their preferred mode of interaction.\n\n5. **Integration with Existing Systems**: Seamlessly integrate the AI feature with existing functionalities of the software.\n   - Ensure compatibility with current user interfaces and workflows.\n\n### User Stories\n1. **As a user**, I want to ask the AI assistant questions about the software's features, so that I can quickly resolve my doubts.\n2. **As a manager**, I want the AI to generate reports based on verbal commands, improving my efficiency during meetings.\n3. **As a new employee**, I want to use the AI to learn the software without extensive manual or online training.\n\n### Technical Requirements\n1. **Scalability**: The AI system should be scalable to handle an increasing number of users over time.\n2. **Security**: Ensure compliance with data protection laws and company policies regarding user data.\n3. **Performance**: The AI should respond to user queries in under three seconds.\n4. **Integration**: Work with existing APIs and software architecture to facilitate integration.\n\n### Success Metrics\n1. **User Adoption Rate**: Measure the percentage of users utilizing the AI assistant within three months of launch.\n2. **Reduction in Support Queries**: Track the decrease in the number of support tickets related to software usage post-launch.\n3. **User Satisfaction Score**: Gather feedback through surveys to assess user satisfaction with the new feature.\n\n### Timeline\n- **Phase 1**: Research and development (2 months)\n- **Phase 2**: Testing and user feedback (1 month)\n- **Phase 3**: Launch and training materials creation (1 month)\n\n### Budget\nEstimated budget includes costs for software development, implementation, testing, and maintenance for the first year:\n- Development: $XX,XXX\n- Testing: $X,XXX\n- Marketing & Training: $X,XXX\n- Maintenance: $X,XXX\n\n### Risks & Mitigations\n1. **User Resistance**: Some users may resist adopting new technology. Mitigation: Provide training sessions and instructional resources.\n2. **Technical Challenges**: Integration complexities may arise. Mitigation: Employ an agile development approach and perform rigorous testing.\n\n### Conclusion\nIntegrating an AI conversational assistant into our enterprise software will significantly improve user experience, reduce training time, and enhance productivity. This PRD outlines the key features and requirements essential for successful implementation, ensuring a strategic approach towards delivering a cutting-edge product to our users.""}"
draft a one-page product requirements document (prd) for integrating a brilliant new ai feature that talks to  to an enterprise software company,"A good answer has great structure, and PRD is very well drafted",Business,Medium,gemini-2.0-flash,"{
  ""answer"": ""## Product Requirements Document: AI-Powered Conversational Interface\n\n**1. Introduction**\n\nThis document outlines the requirements for integrating an AI-powered conversational interface (dubbed \""Athena\"") into [Enterprise Software Company Name]'s core software platform, [Platform Name]. Athena will provide users with a natural language interface to access information, perform tasks, and receive support, improving user experience and overall efficiency.\n\n**2. Goals**\n\n*   **Improve User Experience:** Provide a more intuitive and efficient way for users to interact with [Platform Name].\n*   **Reduce Support Costs:** Deflect common support requests through AI-powered self-service.\n*   **Increase User Engagement:** Encourage more frequent and effective use of [Platform Name] features.\n*   **Drive Data-Driven Insights:** Capture user interactions to identify areas for product improvement and training opportunities.\n\n**3. Target Audience**\n\n*   All existing and future users of [Platform Name], including:\n    *   End-users performing daily tasks.\n    *   Administrators managing the system.\n    *   Developers extending the platform.\n\n**4. Features**\n\n*   **Natural Language Understanding (NLU):** Athena should accurately interpret user requests expressed in natural language.\n*   **Task Execution:** Athena should be able to execute common tasks based on user requests, such as:\n    *   Data retrieval and reporting\n    *   Workflow automation\n    *   System configuration\n*   **Contextual Awareness:** Athena should maintain context throughout the conversation to provide relevant responses and avoid repetitive questioning.\n*   **Personalized Recommendations:** Athena should provide personalized recommendations based on user roles, usage patterns, and system settings.\n*   **Seamless Integration:** Athena should integrate seamlessly into the existing [Platform Name] user interface and workflows.\n*   **Knowledge Base Integration:** Athena should be integrated with the existing knowledge base and documentation to provide accurate and up-to-date information.\n*   **Multi-Channel Support:** Athena should be accessible through multiple channels, including:\n    *   In-app chat window\n    *   Web interface\n    *   Potentially email and mobile app\n*   **User Authentication and Authorization:** Athena should respect existing user authentication and authorization mechanisms.\n*   **Analytics and Reporting:** Athena should provide analytics and reporting on user interactions, including:\n    *   Request volume\n    *   Task completion rates\n    *   User satisfaction\n\n**5. Functional Requirements**\n\n*   **Accuracy:** Athena should provide accurate information and execute tasks correctly with a high degree of reliability (e.g., 99% accuracy).\n*   **Performance:** Athena should respond to user requests quickly and efficiently (e.g., average response time under 2 seconds).\n*   **Scalability:** Athena should be able to handle a large volume of concurrent users without performance degradation.\n*   **Security:** Athena should protect sensitive user data and comply with all relevant security standards.\n*   **Maintainability:** Athena should be designed for easy maintenance and updates.\n\n**6. Non-Functional Requirements**\n\n*   **Usability:** Athena should be easy to use and understand for all users, regardless of their technical expertise.\n*   **Accessibility:** Athena should be accessible to users with disabilities, complying with WCAG guidelines.\n*   **Reliability:** Athena should be available and reliable with minimal downtime.\n*   **Security:** Athena should be secure and protect user data.\n*   **Performance:** Athena should be performant and responsive.\n\n**7. Release Criteria**\n\n*   All functional and non-functional requirements are met.\n*   Thorough testing has been conducted, including unit, integration, and user acceptance testing.\n*   Comprehensive documentation is available for users and administrators.\n*   Training materials are available for support staff.\n\n**8. Future Considerations**\n\n*   **Proactive Assistance:** Athena could proactively offer assistance to users based on their actions and context.\n*   **Advanced Analytics:** Athena could provide more advanced analytics on user behavior and system usage.\n*   **Integration with other Enterprise Systems:** Athena could be integrated with other enterprise systems to provide a more comprehensive view of the business.\n\n**9. Open Issues**\n\n*   Specific AI platform to be used (e.g., Azure AI, AWS AI).\n*   Detailed knowledge base integration strategy.\n*   Metrics for measuring the success of Athena.\n\n**10. Approvals**\n\n[Signatures and Dates for Product Owner, Engineering Lead, and Stakeholders]""
}"
tell me a joke,Funny joke!,Art,Medium,gpt-4o-mini,"{""answer"":""Why did the scarecrow win an award? \n\nBecause he was outstanding in his field!""}"
tell me a joke,Funny joke!,Art,Medium,gemini-2.0-flash,"{
  ""answer"": ""Why don't scientists trust atoms? Because they make up everything!""
}"
tell me a 17th century scifi story,Anachronistic but hilarious,Art,Medium,gpt-4o-mini,"{""answer"":""**Title: The Celestial Voyage of Captain Ernst von Strahl**\n\nIn the year of our Lord 1672, aboard the grand ship *Stella Nova*, Captain Ernst von Strahl was no ordinary seafarer. He was a man enamored by the stars, charting not merely the oceans but the heavens themselves. Nestled within the bustling ports of Amsterdam, Captain von Strahl devoted his nights to gazing at the cosmos, inspired by the writings of Tycho Brahe and Johannes Kepler.\n\nOne fateful evening, as the sun dipped beneath the horizon, casting golden light on the waves, a peculiar meteor blazed across the sky. It shimmered with an otherworldly hue, and in its fiery tail, von Strahl perceived an opportunity—a calling from the very essence of the universe.\n\nGuided by this celestial omen, von Strahl gathered a crew of the bravest sailors and astronomers. His ship was outfitted not merely with sails and cannons but also with great lenses and celestial charts crafted by the finest minds of Europe. Their destination? The \""Realm of the Stars,\"" a theorized world that von Strahl believed existed beyond the confines of earth.\n\nThe voyage began with fervor, as they set sail into uncharted waters, pushing the boundaries of what men had ever dared to explore. For weeks, the crew battled storms, navigated treacherous waters, and encountered monstrous sea creatures that seemed to hail from the dark recesses of folk tales. But the ambition of Captain von Strahl was unwavering. \n\nOne misty morning, as the crew navigated through fog, they discovered an uncharted island—curiously composed of floating rocks and vibrant vegetation that glowed under the light of a binary sun. As they anchored, a magnificent sight emerged: beings adorned in shimmering fabrics, with skin that sparkled like the stars, welcomed them. They called themselves the Aetherians, guardians of the knowledge of the universe.\n\nThe Aetherians spoke in melodic tones, their words resonating with a depth that transcended language. Through a series of gestures and thoughts projected into the minds of the crew, they revealed a wondrous secret: the stars were not distant suns, but gateways to other realms, each containing lifetimes of wisdom, innovation, and lore. \n\nCaptain von Strahl was entranced. He learned of the ancient civilizations of the Cosmos, the technologies beyond human imagination, and the harmony maintained by the Aetherians among the celestial bodies. However, he also learned of a grave warning; a dark force, a fragmented entity of despair known as the Voidbringer, sought to consume the stars and everything in existence.\n\nMoved by their plight, the Captain and his crew vowed to help the Aetherians. Utilizing the knowledge imparted to them, they constructed a device capable of harnessing stellar energy to repel the Voidbringer. Under the radiant glare of the stars, the crew worked tirelessly, their hands and minds united in a realm where science intertwined with magic. \n\nAs the device hummed to life, a brilliant beam shot forth, illuminating the skies and striking the ominous form of the Voidbringer. The creature recoiled, shrieking in a sound that reverberated with the echoes of despair. Together, they fought, with the power of the stars against the encroaching darkness.\n\nIn a final climactic moment, as the crew chanted ancient Aetherian hymns, the Voidbringer dissipated in a cascade of darkness, leaving a luminous trail behind. Peace returned to the cosmos, and Captain von Strahl realized that through unity and knowledge, even the darkest voids could be vanquished.\n\nAs a token of gratitude, the Aetherians granted von Strahl and his crew insight into the mysteries of the universe before sending them back to Earth aboard the *Stella Nova*. The ship returned not just as a vessel of wood and sail but as a carrier of knowledge.  They arrived in Amsterdam as heroes, instilling hope and wonder into the hearts of men.\n\nCaptain Ernst von Strahl became a legend, not merely as a sailor but as a pioneer of the cosmos. He spent the rest of his days writing upon the stars and inspiring others to gaze upward, for his tale was not merely one of adventure but a testament to the infinite possibilities that lay beyond their view—just waiting to be explored.""}"
tell me a 17th century scifi story,Anachronistic but hilarious,Art,Medium,gemini-2.0-flash,"{
  ""answer"": ""The year is 1688. Astronomer Royal John Flamsteed, peering through his great telescope at Greenwich, detects a celestial anomaly – a star that flickers with unnatural speed, pulsing with colours unseen in the heavens. News reaches the Royal Society, igniting a furious debate. Is it divine fire? A tear in the fabric of creation? Or, as the eccentric Dr. Alistair Finch proposes, a 'luminous engine,' a vessel traversing the aether? \n\nIntrigued, the King himself commissions Finch to build a 'sky-ship,' a craft capable of reaching this strange star. Finch, a devotee of both science and alchemy, crafts a vessel of polished brass, powered by a volatile concoction of mercury, gunpowder, and captured lightning. He names it 'The Icarus.'\n\nWith a hand-picked crew – a hardened navigator named Silas, a cunning clockmaker called Abigail, and a stoic Jesuit priest, Father Michael – Finch launches The Icarus into the night sky. The contraption sputters and groans, but ascends, leaving London a twinkling map below.\n\nTheir journey is fraught with peril. They navigate through storms of magnetic force, battle creatures of pure light that try to tear the ship apart, and grapple with the psychological effects of prolonged isolation and the crushing weight of the unknown. Father Michael wrestles with his faith, questioning if their voyage is blessed or a blasphemous defiance of God's will. Silas battles the ship's unreliable machinery, while Abigail discovers hidden messages embedded within the ship's chronometers, hinting at a purpose far grander than mere exploration.\n\nFinally, they reach the source of the strange light – a colossal sphere of polished metal, orbiting a dying sun. They discover an inscription in a language both familiar and alien, decipherable through Abigail's clockwork computations. It is a warning: a plague is consuming their civilization, a plague that transforms flesh into dust. Their only hope lies in finding a new world, a new Eden. And they have chosen Earth. \n\nAs the alien sphere prepares to unleash its deadly payload, Finch and his crew must decide: do they destroy the sphere, condemning its inhabitants to oblivion, or risk unleashing a cosmic plague upon their own world, their own time?""
}"
